fullname,mail,username,password,role
John Doe,johndoe@gmail.com,johndoe,Johndoe123,1
Nguyen Tran Chau Minh,ntcminh21@vp.fitus.edu.vn,choumean,ChouMink123,0
Le Hoang Nguyen,lhnguyen21@vp.fitus.edu.vn,nguyendefrance,NguyenHoangLe,1
Pham Nguyen Gia Khiem,pngkhiem21@vp.fitus.edu.vn,cyderxxv,Cyderglxk03&,1
Nguyen Thai Huyen,nthuyen21@vp.fitus.edu.vn,huyen,Huyen,1
